<?xml version="1.0" encoding="UTF-8"?>
<project-private xmlns="http://www.netbeans.org/ns/project-private/1">
    <editor-bookmarks xmlns="http://www.netbeans.org/ns/editor-bookmarks/2" lastBookmarkId="0"/>
    <open-files xmlns="http://www.netbeans.org/ns/projectui-open-files/2">
        <group>
            <file>file:/D:/PROGRAMS/ampps/Ampps/www/CST8257Project/MyPictures.php</file>
            <file>file:/D:/PROGRAMS/ampps/Ampps/www/CST8257Project/MyAlbums.php</file>
            <file>file:/D:/PROGRAMS/ampps/Ampps/www/CST8257Project/MyFriends.php</file>
            <file>file:/D:/PROGRAMS/ampps/Ampps/www/CST8257Project/Index.php</file>
            <file>file:/D:/PROGRAMS/ampps/Ampps/www/CST8257Project/main.scss</file>
            <file>file:/D:/PROGRAMS/ampps/Ampps/www/CST8257Project/Login.php</file>
            <file>file:/D:/PROGRAMS/ampps/Ampps/www/CST8257Project/NewUser.php</file>
            <file>file:/D:/PROGRAMS/ampps/Ampps/www/CST8257Project/UploadPictures.php</file>
        </group>
    </open-files>
</project-private>
